text,intent,,
turn off the light,0,,
deactivate the illumination,0,,
shut down the bulb,0,,
terminate the brightness,0,,
disable the glow,0,,
silence the light,0,,
power down the light,0,,
depower the bulb,0,,
shut off the current,0,,
disconnect the lamp,0,,
halt the electricity,0,,
stop the voltage,0,,
cut the light,0,,
sever the glow,0,,
slice the brightness,0,,
chop the beam,0,,
disconnect the bulb,0,,
interrupt the radiance,0,,
kill the light,0,,
murder the glow,0,,
destroy the brightness,0,,
eliminate the bulb,0,,
annihilate the beam,0,,
obliterate the radiance,0,,
disable the lamp,0,,
decommission the bulb,0,,
cripple the fixture,0,,
neutralize the light,0,,
incapacitate the glow,0,,
sabotage the brightness,0,,
extinguish the light,0,,
smother the glow,0,,
quench the brightness,0,,
snuff the bulb,0,,
douse the beam,0,,
stifle the radiance,0,,
switch off the light,0,,
toggle off the glow,0,,
flip off the brightness,0,,
shut off the bulb,0,,
deactivate the beam,0,,
power down the radiance,0,,
please turn the light off,0,,
kindly deactivate the glow,0,,
politely kill the brightness,0,,
gently silence the bulb,0,,
courteously disable the beam,0,,
respectfully terminate the radiance,0,,
light off,0,,
illumination terminated,0,,
brightness halted,0,,
glow deactivated,0,,
beam silenced,0,,
radiance stopped,0,,
can you shut off the light,0,,
could you kill the glow,0,,
would you silence the brightness,0,,
might you disable the bulb,0,,
are you able to terminate the beam,0,,
is it possible to stop the radiance,0,,
it's too bright,0,,
the glare is excessive,0,,
luminosity is overwhelming,0,,
radiance is overpowering,0,,
illumination is intense,0,,
brightness is unbearable,0,,
i'm going to sleep,0,,
bedtime approaches,0,,
slumber time has come,0,,
I'm retiring for the night,0,,
time to rest my eyes,0,,
entering sleep mode,0,,
no need of light,0,,
illumination unnecessary,0,,
brightness redundant,0,,
glow superfluous,0,,
radiance dispensable,0,,
luminosity unrequired,0,,
dark is better,0,,
darkness preferable,0,,
shadows superior,0,,
blackout improved,0,,
obscurity enhanced,0,,
gloom optimal,0,,
the light hurts my eyes,0,,
brightness causes ocular pain,0,,
glow induces discomfort,0,,
radiance stings vision,0,,
illumination strains sight,0,,
luminosity irritates optics,0,,
reduce brightness,0,,
dim the intensity,0,,
lower the luminance,0,,
decrease illumination,0,,
soften the glow,0,,
dampen the radiance,0,,
cut off the light,0,,
sever the illumination,0,,
disconnect the brightness,0,,
terminate the glow,0,,
halt the radiance,0,,
stop the luminosity,0,,
dim the room,0,,
lower room illumination,0,,
soften ambient light,0,,
reduce space brightness,0,,
subdue area glow,0,,
mute environment radiance,0,,
shut the light,0,,
close the illumination,0,,
seal the brightness,0,,
lock the glow,0,,
secure the radiance,0,,
block the luminosity,0,,
stop lighting,0,,
cease illumination,0,,
halt brightness,0,,
discontinue glow,0,,
end radiance,0,,
terminate luminosity,0,,
off the light,0,,
illumination disabled,0,,
brightness nullified,0,,
glow ceased,0,,
beam discontinued,0,,
radiance abolished,0,,
deactivate light,0,,
disable illumination,0,,
switch off brightness,0,,
power down glow,0,,
terminate radiance,0,,
halt luminosity,0,,
shut off light,0,,
kill the light,0,,
murder the glow,0,,
destroy the brightness,0,,
eliminate the bulb,0,,
annihilate the beam,0,,
obliterate the radiance,0,,
light off now.,0,,
illumination cease immediately,0,,
brightness halt instantly,0,,
glow terminate now,0,,
beam discontinue at once,0,,
radiance stop this moment,0,,
flip the light off,0,,
switch the glow off,0,,
toggle the brightness off,0,,
throw the beam off,0,,
snap the radiance off,0,,
click the luminosity off,0,,
end of light,0,,
termination of illumination,0,,
conclusion of brightness,0,,
finale of glow,0,,
cessation of radiance,0,,
completion of luminosity,0,,
power off light,0,,
electricity cut to glow,0,,
current stop to brightness,0,,
voltage halt to beam,0,,
energy disconnect to radiance,0,,
charge terminate to luminosity,0,,
put the light out,0,,
extinguish the glow,0,,
douse the brightness,0,,
quench the beam,0,,
smother the radiance,0,,
snuff the luminosity,0,,
turn the lamp off,0,,
deactivate the fixture,0,,
power down the illuminator,0,,
switch off the luminaire,0,,
disable the sconce,0,,
silence the lantern,0,,
turn the bulbs off,0,,
deenergize the filaments,0,,
power down the globes,0,,
switch off the LEDs,0,,
disable the tubes,0,,
silence the incandescents,0,,
switch that off,0,,
toggle that off,0,,
flip that off,0,,
shut that down,0,,
deactivate that,0,,
terminate that,0,,
depower the filament,0,,
shut off the globe,0,,
disconnect the LED,0,,
halt the incandescent,0,,
stop the halogen,0,,
end of bulb,0,,
termination of filament,0,,
conclusion of globe,0,,
finale of LED,0,,
cessation of incandescent,0,,
completion of halogen,0,,
kill the overhead light,0,,
murder the ceiling glow,0,,
destroy the top brightness,0,,
eliminate the aerial beam,0,,
annihilate the elevated radiance,0,,
obliterate the suspended luminosity,0,,
cut the bulb,0,,
sever the filament,0,,
slice the globe,0,,
chop the LED,0,,
disconnect the incandescent,0,,
interrupt the halogen,0,,
power off the bulb,0,,
electricity cut to filament,0,,
current stop to globe,0,,
voltage halt to LED,0,,
energy disconnect to incandescent,0,,
charge terminate to halogen,0,,
toggle off the filament,0,,
flip off the globe,0,,
shut off the LED,0,,
deactivate the incandescent,0,,
power down the halogen,0,,
bulbs off,0,,
filaments deactivated,0,,
globes terminated,0,,
LEDs silenced,0,,
incandescents disabled,0,,
halogens powered down,0,,
it’s so bright,0,,
illumination is extreme,0,,
luminosity is intense,0,,
radiance is blinding,0,,
glow is dazzling,0,,
brightness is glaring,0,,
it’s so sunny,0,,
daylight-like inside,0,,
sun-filled atmosphere,0,,
solar-bright environment,0,,
noon-day radiance,0,,
summer-like luminosity,0,,
done with bright,0,,
finished with illumination,0,,
completed with luminosity,0,,
over with radiance,0,,
concluded with glow,0,,
ended with brightness,0,,
make it darker,0,,
increase obscurity,0,,
enhance shadows,0,,
deepen gloom,0,,
intensify blackness,0,,
amplify dimness,0,,
save some energy,0,,
conserve electricity,0,,
preserve power,0,,
reduce consumption,0,,
economize voltage,0,,
husband resources,0,,
it’s bed time,0,,
sleep period begins,0,,
rest time commences,0,,
slumber phase starts,0,,
repose interval activates,0,,
night cycle initiates,0,,
dim the place,0,,
lower location illumination,0,,
soften venue brightness,0,,
reduce area glow,0,,
subdue site radiance,0,,
mute spot luminosity,0,,
sunlight is enough,0,,
natural illumination suffices,0,,
daytime brightness adequate,0,,
solar glow sufficient,0,,
outdoor radiance ample,0,,
external luminosity plenty,0,,
too glaring,0,,
excessively dazzling,0,,
overpoweringly shiny,0,,
painfully brilliant,0,,
uncomfortably luminous,0,,
harshly radiant,0,,
make room cozier,0,,
increase ambient comfort,0,,
enhance intimate atmosphere,0,,
improve snug environment,0,,
amplify warm setting,0,,
boost inviting space,0,,
it’s bright enough,0,,
sufficient illumination,0,,
adequate brightness,0,,
satisfactory glow,0,,
acceptable radiance,0,,
passable luminosity,0,,
make the room dimmer,0,,
reduce space illumination,0,,
lower area brightness,0,,
decrease environment glow,0,,
subdue chamber radiance,0,,
mute enclosure luminosity,0,,
take a break,0,,
pause illumination,0,,
interrupt brightness,0,,
halt glow temporarily,0,,
suspend radiance briefly,0,,
cease luminosity momentarily,0,,
brightness is a bit much,0,,
illumination slightly excessive,0,,
luminosity somewhat overwhelming,0,,
glow moderately intense,0,,
radiance reasonably strong,0,,
brightness fairly extreme,0,,
room go dark,0,,
space enter blackness,0,,
area become obscured,0,,
environment turn gloomy,0,,
chamber shift shadowy,0,,
enclosure transition dim,0,,
making too hot,0,,
generating excess heat,0,,
producing uncomfortable warmth,0,,
creating overheating,0,,
causing temperature rise,0,,
inducing thermal discomfort,0,,
the natural brightness is enough,0,,
ambient light suffices,0,,
environmental illumination adequate,0,,
existing glow sufficient,0,,
present radiance ample,0,,
available luminosity plenty,0,,
too glaring for my eyes,0,,
painfully bright for vision,0,,
excessively luminous for optics,0,,
overpoweringly radiant for sight,0,,
uncomfortably shiny for pupils,0,,
harshly brilliant for retinas,0,,
glow from outside,0,,
external radiance,0,,
outdoor luminosity,0,,
exterior illumination,0,,
outside brightness,0,,
out-of-doors shine,0,,
shadows would be nice,0,,
darkness would be pleasant,0,,
obscurity would be welcome,0,,
dimness would be agreeable,0,,
gloom would be delightful,0,,
shade would be appealing,0,,
time to wind down,0,,
period to relax,0,,
moment to decompress,0,,
phase to unwind,0,,
interval to calm,0,,
juncture to mellow,0,,
turn down the brightness,0,,
reduce illumination level,0,,
decrease luminosity intensity,0,,
lower glow magnitude,0,,
diminish radiance strength,0,,
soften brightness degree,0,,
it’s already too bright,0,,
illumination is currently excessive,0,,
brightness is presently overpowering,0,,
glow is now extreme,0,,
radiance is currently intense,0,,
luminosity is already glaring,0,,
take the rest already,0,,
cease illumination now,0,,
halt brightness immediately,0,,
stop glow at once,0,,
end radiance promptly,0,,
terminate luminosity forthwith,0,,
make the room dark,0,,
blacken the space,0,,
obscure the area,0,,
shroud the environment,0,,
cloak the chamber,0,,
shadow the enclosure,0,,
turn on the light,1,,
activate the illumination,1,,
power up the bulb,1,,
energize the lighting,1,,
initiate the glow,1,,
start the radiance,1,,
switch on the light,1,,
toggle the illumination,1,,
engage the brightness,1,,
flip the glow,1,,
connect the radiance,1,,
launch the luminosity,1,,
please turn the light on,1,,
kindly power the bulb,1,,
politely energize the glow,1,,
courteously initiate brightness,1,,
gently activate radiance,1,,
respectfully commence illumination,1,,
light on,1,,
illumination active,1,,
brightness enabled,1,,
glow initiated,1,,
radiance operational,1,,
luminosity engaged,1,,
can you switch on the light,1,,
could you power the bulb,1,,
would you engage the glow,1,,
might you launch brightness,1,,
are you able to activate radiance,1,,
is it possible to start illumination,1,,
it's dark here,1,,
this area lacks light,1,,
shadows dominate this space,1,,
obscurity fills the vicinity,1,,
gloom pervades the location,1,,
blackness envelops this spot,1,,
i can't see anything,1,,
vision is impossible,1,,
blindness prevails,1,,
surroundings are invisible,1,,
optics detect nothing,1,,
eyesight fails completely,1
room is dark,1,,
space lacks illumination,1
area is unlit,1,,
enclosure is shadowed,1
chamber has no brightness,1
environment is gloomy,1,,
i need some light,1,,
require illumination,1,,
demand brightness,1,,
request glow,1,,
necessitate radiance,1,,
call for luminosity,1,,
make it brighter,1,,
amplify illumination,1,,
intensify brightness,1,,
enhance glow,1,,
boost radiance,1,,
escalate luminosity,1,,
start the light,1,,
commence illumination,1,,
initiate brightness,1,,
begin the glow,1,,
launch radiance,1,,
activate luminosity,1,,
light the room,1,,
brighten the space,1,,
illuminate the area,1,,
radiate the enclosure,1,,
glow the chamber,1,,
shine the environment,1,,
illuminate the room,1,,
light up the area,1,,
irradiate the enclosure,1,,
luminance the chamber,1,,
beam the environment,1,,
power up the light,1,,
energize the bulb,1,,
activate the glow,1,,
electrify the luminosity,1,,
initiate the beam,1,,
enable the light,1,,
switch on brightness,1,,
authorize glow,1,,
permit radiance,1,,
allow luminosity,1,,
make the light glow,1,,
cause the bulb to shine,1,,
produce illumination,1,,
generate radiance,1,,
create brightness,1,,
emit luminosity,1,,
i need brightness,1,,
require luminosity,1,,
demand radiance,1,,
seek illumination,1,,
crave glow,1,,
necessitate visibility,1,,
let there be light,1,,
allow illumination,1,,
permit brightness,1,,
command glow,1,,
decree radiance,1,,
ordain luminosity,1,,
switch on light.,1,,
power up brightness,1,,
energize glow,1,,
initiate radiance,1,,
start luminosity,1,,
turn light,1,,
adjust illumination,1,,
modify brightness,1,,
change glow,1,,
alter radiance,1,,
shift luminosity,1,,
wake up light,1,,
rouse the bulb,1,,
activate the fixture,1,,
revive the radiance,1,,
stimulate the luminosity,1,,
initialize the light,1,,
boot up illumination,1,,
start up brightness,1,,
launch glow,1,,
commence radiance,1,,
everyone is there light on,1,,
all present  activate illumination,1,,
assembly complete enable brightness,1,,
crowd gathered  initiate glow,1,,
attendees here  commence radiance,1,,
group assembled  start luminosity,1,,
begin the light,1,,
start brightness,1,,
launch the light,1,,
start the illumination,1,,
initiate the brightness,1,,
fire up the luminosity,1,,
radiate the light,1,,
emit illumination,1,,
project brightness,1,,
shine glow,1,,
beam radiance,1,,
diffuse luminosity,1,,
ignite the light,1,,
fire up the bulb,1,,
spark the glow,1,,
kindle the radiance,1,,
trigger the beam,1,,
shine the bulb.,1,,
illuminate with the globe,1,,
brighten via the filament,1,,
glow using the LED,1,,
radiate through the incandescent,1,,
beam with the halogen,1,,
glitter the bulb,1,,
make the filament sparkle,1,,
cause the globe to shimmer,1,,
have the LED glisten,1,,
let the incandescent twinkle,1,,
allow the halogen to gleam,1,,
on light,1,,
illumination enabled,1,,
brightness activated,1,,
glow operational,1,,
radiance initiated,1,,
luminosity running,1,,
pushing on the light,1,,
pressing to activate illumination,1,,
engaging to start brightness,1,,
forcing glow initiation,1,,
compelling radiance,1,,
urging luminosity,1,,
trigger the bulb,1,,
activate the filament,1,,
fire up the globe,1,,
start the LED,1,,
ignite the incandescent,1,,
launch the halogen,1,,
energize the light,1,,
power the illumination,1,,
electrify brightness,1,,
charge the radiance,1,,
voltage the luminosity,1,,
power the filament,1,,
electrify the globe,1,,
charge the incandescent,1,,
voltage the halogen,1,,
activate the light,1,,
enable illumination,1,,
bloom the light,1,,
flower the illumination,1,,
blossom brightness,1,,
unfold glow,1,,
open radiance,1,,
flourish luminosity,1,,
spot the light,1,,
focus illumination,1,,
direct brightness,1,,
highlight glow,1,,
target radiance,1,,
pinpoint luminosity,1,,
flame the light,1,,
fire the illumination,1,,
blaze brightness,1,,
torch glow,1,,
burn radiance,1,,
kindle luminosity,1,,
it’s too dark,1,,
obscurity is excessive,1,,
gloom is overwhelming,1,,
blackness is extreme,1,,
shadows are intense,1,,
murk is unbearable,1,,
vibe in,1,,
atmosphere activate,1,,
mood commence,1,,
ambiance begin,1,,
energy initiate,1,,
aura launch,1,,
it’s evening,1,,
twilight time,1,,
dusk period,1,,
nightfall phase,1,,
sunset interval,1,,
nocturnal commencement,1,,
it’s scary,1,,
frightening atmosphere,1,,
alarming environment,1,,
terrifying obscurity,1,,
chilling gloom,1,,
horrifying darkness,1,,
dark everywhere,1,,
universal blackness,1,,
omnipresent gloom,1,,
total obscurity,1,,
complete shadow,1,,
pervasive murk,1,,
it’s rainy light on,1,,
stormy weather  activate illumination,1,,
downpour occurring  enable brightness,1,,
precipitation falling  initiate glow,1,,
wet conditions  commence radiance,1,,
rainy atmosphere  start luminosity,1,,
not visible,1,,
impossible to see,1,,
vision obstructed,1,,
sight blocked,1,,
optics impaired,1,,
view nonexistent,1,,
I need light,1,,
I need to work light on,1,,
task requires illumination,1,,
labor demands brightness,1,,
job needs glow,1,,
work necessitates radiance,1,,
activity calls for luminosity,1,,
it’s darker,1,,
increased obscurity,1,,
deepened gloom,1,,
heightened blackness,1,,
intensified shadow,1,,
amplified murk,1,,
bright the room,1,,
lighten the area,1,,
flash on,1,,
instant illumination,1,,
sudden brightness,1,,
immediate glow,1,,
abrupt radiance,1,,
instantaneous luminosity,1,,
glow up,1,,
illuminate brightly,1,,
shine intensely,1,,
radiate strongly,1,,
beam powerfully,1,,
luminosity amplify,1,,
make the room bright,1,,
reduce gloom in enclosure,1,,
decrease shadows in chamber,1,,
increase visibility in environment,1,,
out fire the space,1,,
ignite radiance in zone,1,,
activate glow in vicinity,1,,
beam luminosity in place,1,,
the room is dim,1,,
space has low light,1,,
area is poorly lit,1,,
enclosure is shadowy,1,,
chamber is dusky,1,,
my eyes are dark,1,,
vision is obscured,1,,
sight is limited,1,,
optics require light,1,,
pupils need brightness,1,,
retinas lack illumination,1,,
make the room to spot,1,,
transform space to visibility,1,,
convert area to clarity,1,,
alter enclosure to illumination,1,,
adapt chamber to brightness,1,,
modify environment to radiance,1,,
turn off the fan,2,,
Power down the fan immediately.,2,,
Deactivate the fan's operation.,2,,
Cut power to the fan.,2,,
Shut the fan off.,2,,
Stop the fan from running.,2,,
switch off the fan,2,,
"Flip the fan's switch to ""off.""",2,,
Disable the fan at the controls.,2,,
Kill the fan's power supply.,2,,
Turn the fan off using the switch.,2,,
Ensure the fan is switched off.,2,,
please stop the fan,2,,
Halt the fan  if you would.,2,,
Cease the fan's motion please,2,,
Bring the fan to a stop.,2,,
I request that you stop the fan.,2,,
End the fan's operation kindly.,2,,
fan off,2,,
"Set the fan to ""off.""",2,,
The fan needs to be off.,2,,
No fan activity please,2,,
Fan status: off.,2,,
Ensure the fan is deactivated.,2,,
can you stop the fan,2,,
Could you halt the fan?,2,,
Is stopping the fan possible?,2,,
Would you mind stopping the fan?,2,,
Can the fan be stopped?,2,,
Please stop the fan if able.,2,,
no more fan,2,,
Cease all fan usage.,2,,
Zero fan action from now on.,2,,
End the fan permanently.,2,,
Absolutely no fan operation.,2,,
Fan activity must stop entirely.,2,,
stop the fan now,2,,
Immediately cease the fan.,2,,
Halt the fan this instant.,2,,
Right now  stop the fan.,2,,
Instant fan termination required.,2,,
Stop the fan without delay.,2,,
shut down the fan,2,,
Terminate the fan's operation.,2,,
Power off the fan completely.,2,,
Kill the fan system.,2,,
Close the fan's functions.,2,,
Disable the fan entirely.,2,,
cut the fan,2,,
Sever the fan's power.,2,,
Interrupt the fan abruptly.,2,,
Disconnect the fan.,2,,
Chop the airflow now.,2,,
Break the fan's operation.,2,,
turn off fan,2,,
Deactivate the fan.,2,,
Power down fan operation.,2,,
Switch the fan off.,2,,
End the fan's activity.,2,,
switch off,2,,
Power down now.,2,,
Disconnect the device.,2,,
Kill the switch.,2,,
Turn off immediately.,2,,
Deactivate at once.,2,,
off fan,2,,
Fan: deactivated.,2,,
Set fan to inactive.,2,,
No-power fan mode.,2,,
Dormant fan state.,2,,
deactivate the fan,2,,
Disable the fan's function.,2,,
Render the fan inactive.,2,,
Kill the fan's activity.,2,,
put the fan,2,,
"Place the fan in ""off"" mode.",2,,
Set the fan to idle.,2,,
Position the fan as inactive.,2,,
Leave the fan off.,2,,
Assign off status to the fan.,2,,
make the fan static,2,,
Immobilize the fan blades.,2,,
Freeze the fan's position.,2,,
Halt all fan movement.,2,,
Keep the fan stationary.,2,,
no fan,2,,
Cease fan entirely.,2,,
Zero fan operation.,2,,
Absence of fan activity.,2,,
Terminate the fan.,2,,
Fanless state required.,2,,
wings off the fan,2,,
Stop the fan blades.,2,,
Halt the propellers.,2,,
Cease fan rotation.,2,,
Freeze the fan arms.,2,,
Immobilize the fan wings.,2,,
end fan,2,,
Conclude fan operation.,2,,
Terminate the fan now.,2,,
Finish with the fan.,2,,
Cease all fan activity.,2,,
terminate the fan,2,,
End the fan permanently.,2,,
Abort fan function.,2,,
Eliminate the fan's activity.,2,,
Stop the fan conclusively.,2,,
wind up fan,2,,
Wrap up fan operation.,2,,
Conclude the fan's use.,2,,
Close down the fan.,2,,
Complete fan deactivation.,2,,
cease the fan,2,,
Stop the fan entirely.,2,,
Discontinue fan operation.,2,,
Desist from fan usage.,2,,
finish the fan,2,,
Conclude the fan's run.,2,,
End fan activity.,2,,
Wrap up the fan.,2,,
close the fan,2,,
Seal off fan operation.,2,,
Cover the fan controls.,2,,
End the fan's functions.,2,,
lay off the fan,2,,
Stop using the fan.,2,,
Give the fan a rest.,2,,
Halt the fan indefinitely.,2,,
discontinue the fan,2,,
Stop the fan permanently.,2,,
Abandon fan operation.,2,,
break off fan,2,,
Stop the fan suddenly.,2,,
Sever fan activity.,2,,
cancel the fan,2,,
Abort the fan.,2,,
Nullify fan operation.,2,,
Revoke fan activity.,2,,
Call off the fan.,2,,
kill fan,2,,
Destroy fan operation.,2,,
Stop the fan dead.,2,,
Slay the fan's power.,2,,
cutoff fan,2,,
Isolate the fan.,2,,
Stop airflow abruptly.,2,,
drop fan,2,,
Let go of the fan.,2,,
Release fan control.,2,,
Omit fan usage.,2,,
pause fan,2,,
Suspend fan operation.,2,,
Temporarily stop the fan.,2,,
Freeze the fan for now.,2,,
resist the fan,2,,
Oppose fan operation.,2,,
Reject the fan's airflow.,2,,
Withstand the fan.,2,,
Refuse fan usage.,2,,
it’s rainy off the fan,2,,
Stop the fan due to rain.,2,,
Wet conditions: turn fan off.,2,,
Rainy weather requires no fan.,2,,
Dampness means shutdown the fan.,2,,
let the fan be quit,2,,
Allow the fan to rest.,2,,
Permit fan cessation.,2,,
Enable fan shutdown.,2,,
make the blow off,2,,
Stop the gust from the fan.,2,,
End the draft immediately.,2,,
Halt the wind output.,2,,
Kill the breeze.,2,,
it's too cold now,2,,
The temperature is frigid.,2,,
It's excessively chilly.,2,,
Unbearable cold now.,2,,
This room is icy.,2,,
Hypothermic conditions here.,2,,
i'm freezing,2,,
I feel like I'm icing over.,2,,
I'm chilled to the bone.,2,,
Freezing temperatures affect me.,2,,
I'm shivering intensely.,2,,
air is too much,2,,
Excessive airflow here.,2,,
Overpowering wind from the fan.,2,,
Too much air circulation.,2,,
The breeze is overwhelming.,2,,
Reduce the air intensity.,2,,
i feel chilly,2,,
I'm experiencing chills.,2,,
A cold sensation here.,2,,
I'm cool and uncomfortable.,2,,
Brisk air is affecting me.,2,,
I need warmth soon.,2,,
wind is strong,2,,
Forceful breeze in here.,2,,
Gusty air from the fan.,2,,
Intense draft overwhelming me.,2,,
Powerful airflow present.,2,,
Hurricane-like wind conditions.,2,,
it's too breezy,2,,
Drafty room discomfort.,2,,
Windy conditions here.,2,,
Blustery air overwhelming.,2,,
Over-ventilated space.,2,,
Uncomfortably airy environment.,2,,
its too chill,2,,
Frigid atmosphere.,2,,
Frosty environment.,2,,
Icy conditions now.,2,,
Nippy beyond comfort.,2,,
make me warm,2,,
Warm me up immediately.,2,,
Provide heat for me.,2,,
Increase my body temperature.,2,,
Thaw me out please,2,,
Comfort me thermally.,2,,
make the space warm,2,,
Heat the room up.,2,,
Warm this environment.,2,,
Raise the room temperature.,2,,
Cozy up the space.,2,,
Provide thermal comfort.,2,,
make the room warm,2,,
Heat this area now.,2,,
Warm the room quickly.,2,,
Boost the room's temperature.,2,,
Create a cozy atmosphere.,2,,
Thermal adjustment needed.,2,,
make the room hot,2,,
Overheat the room if needed.,2,,
Scorching temperature required.,2,,
Blazing heat requested.,2,,
Sweltering conditions desired.,2,,
Sauna-like environment.,2,,
I need warm,2,,
I require heat.,2,,
Warmth is necessary.,2,,
Crave coziness now.,2,,
Demand higher temperature.,2,,
Seek thermal relief.,2,,
I am in fridge,2,,
Freezer-like conditions.,2,,
Feels like a refrigerator.,2,,
Arctic vibes here.,2,,
Sub-zero environment.,2,,
Icebox-level cold.,2,,
I am thinking I am in Antarctic,2,,
Polar experience here.,2,,
Glacier simulation in effect.,2,,
South Pole coldness.,2,,
Tundra-like conditions.,2,,
Permafrost feels.,2,,
I feel too cold,2,,
Over-chilled currently.,2,,
Excessively cool here.,2,,
Uncomfortably frosty.,2,,
Deeply cold sensation.,2,,
Numb from the cold.,2,,
it’s super chill,2,,
Extremely cold atmosphere.,2,,
Hyperborean conditions.,2,,
Intensely frosty.,2,,
Mega-freezing environment.,2,,
Ultra-chilly state.,2,,
it’s shivering,2,,
Shiver-inducing cold.,2,,
Tremor-causing temperature.,2,,
Quiver-worthy chill.,2,,
Cold to the point of shivers.,2,,
Shaky from the freeze.,2,,
I think I am in Himalayas,2,,
Mountain-cold environment.,2,,
Everest-like vibes.,2,,
Glacier feels here.,2,,
Summit freeze conditions.,2,,
High-altitude chill.,2,,
looks like winter,2,,
Wintry scene here.,2,,
Frosty appearance.,2,,
Snowy simulation.,2,,
December-like feels.,2,,
Seasonal cold present.,2,,
too the wind,2,,
Excessive wind here.,2,,
Overblown airflow.,2,,
Gust surplus.,2,,
Draft overflow.,2,,
Wind overload.,2,,
near,2,,
Close to the cold source.,2,,
Adjacent to the freeze.,2,,
Nearby draft affecting me.,2,,
Breezy vicinity.,2,,
Wind-adjacent discomfort.,2,,
it’s rainy,2,,
Precipitation outside.,2,,
Raining currently.,2,,
Wet weather conditions.,2,,
Stormy atmosphere.,2,,
Damp environment.,2,,
it’s too windy,2,,
Gale-force conditions.,2,,
Blustery environment.,2,,
Wind-swept space.,2,,
Tempest-like gusts.,2,,
Howling winds.,2,,
the ultimate too cool,2,,
Peak coldness achieved.,2,,
Maximum chill level.,2,,
Final freeze state.,2,,
Supreme cold environment.,2,,
Ultimate frost.,2,,
I am leaving,2,,
I'll exit due to cold.,2,,
Departing now.,2,,
Vacating this chilly space.,2,,
Withdrawing because of freeze.,2,,
Taking off immediately.,2,,
turn on the fan,3,,
Activate the fan immediately.,3,,
Power up the fan please,3,,
Start the fan's operation.,3,,
Engage the fan now.,3,,
"Switch the fan to ""on.""",3,,
switch on the fan,3,,
"Flip the fan's switch to ""on.""",3,,
Power on the fan.,3,,
Turn the fan on at the controls.,3,,
Initiate fan operation.,3,,
Activate the fan's power.,3,,
please turn the fan on,3,,
Kindly start the fan.,3,,
Could you activate the fan?,3,,
I'd appreciate the fan turned on.,3,,
Please power up the fan.,3,,
Engage the fan when possible.,3,,
i'm more sweating,3,,
fan on,3,,
"Set the fan to ""on.""",3,,
Fan status: active.,3,,
Ensure the fan is running.,3,,
Start fan operation.,3,,
Activate the fan now.,3,,
can you start the fan,3,,
Could you initiate the fan?,3,,
Is starting the fan possible?,3,,
Would you mind activating the fan?,3,,
Can the fan be started?,3,,
Please start the fan if able.,3,,
make the fan run,3,,
Get the fan operating.,3,,
Cause the fan to function.,3,,
Set the fan in motion.,3,,
start the fan now,3,,
Power on the fan this instant.,3,,
Right now   start the fan.,3,,
Instant fan activation required.,3,,
Begin fan operation without delay.,3,,
kickstart the fan,3,,
Jumpstart the fan.,3,,
Initiate the fan abruptly.,3,,
Force the fan into action.,3,,
Trigger the fan's operation.,3,,
Jump the fan into motion.,3,,
let some air flow,3,,
Allow airflow to commence.,3,,
Permit ventilation now.,3,,
Enable breeze circulation.,3,,
Start air movement.,3,,
Initiate wind in the space.,3,,
run the fan,3,,
Operate the fan.,3,,
Keep the fan functioning.,3,,
Maintain fan activity.,3,,
Execute fan operation.,3,,
Let the fan work.,3,,
air is needed,3,,
Ventilation is required.,3,,
We need airflow.,3,,
Circulation is necessary.,3,,
Breeze is essential.,3,,
Air movement is a must.,3,,
fan please,3,,
Fan now please.,3,,
I request the fan.,3,,
Activate the fan kindly.,3,,
Fan operation requested.,3,,
Please run the fan.,3,,
activate the fan,3,,
Enable the fan.,3,,
Turn the fan on.,3,,
Start the fan's function.,3,,
Initiate fan activity.,3,,
rotate the fan,3,,
Set the blades spinning.,3,,
Start the fan's rotation.,3,,
Make the fan turn.,3,,
Get the fan circulating.,3,,
Begin fan movement.,3,,
circulate air please,3,,
Please move air around.,3,,
Create airflow circulation.,3,,
Start air distribution.,3,,
Enable breeze flow.,3,,
Ventilate the space.,3,,
on fan,3,,
Fan: active mode.,3,,
Set fan to operational.,3,,
Ensure the fan is on.,3,,
Running fan status.,3,,
Powered-up fan.,3,,
please on the fan,3,,
Kindly turn the fan on.,3,,
Fan on  if you would.,3,,
I request fan activation.,3,,
Power on the fan please,3,,
turning on the fan,3,,
Activating the fan.,3,,
Powering up the fan.,3,,
Starting the fan now.,3,,
Engaging fan operation.,3,,
Switching the fan on.,3,,
put the fan,3,,
Place the fan in operation.,3,,
Position the fan as active.,3,,
Assign on status to the fan.,3,,
Make the fan functional.,3,,
please fan on,3,,
Fan on please,3,,
Activate the fan  if you may.,3,,
I’d like the fan running.,3,,
Please power the fan.,3,,
would you mind fan on,3,,
Could you start the fan?,3,,
Would fan activation trouble you?,3,,
Is turning on the fan okay?,3,,
Please run the fan if possible.,3,,
Mind activating the fan?,3,,
turn on fan the road,3,,
Activate the fan now.,3,,
Get the fan running.,3,,
power up the fan,3,,
Energize the fan.,3,,
Supply power to the fan.,3,,
Activate the fan's electricity.,3,,
initialize the fan,3,,
Boot up the fan.,3,,
Start the fan system.,3,,
Commence fan operation.,3,,
Launch the fan's function.,3,,
Activate the fan initially.,3,,
begin the fan,3,,
Start the fan.,3,,
Initiate the fan.,3,,
Kick off the fan.,3,,
Set the fan in motion.,3,,
launch the fan,3,,
Start the fan abruptly.,3,,
Fire up the fan.,3,,
Engage the fan fully.,3,,
Propel the fan into action.,3,,
set the fan,3,,
"Configure the fan to ""on.""",3,,
Adjust the fan for operation.,3,,
Prepare the fan for use.,3,,
Ready the fan.,3,,
initiate the fan,3,,
Start the fan process.,3,,
Trigger the fan.,3,,
create the gentle breeze,3,,
Generate a soft airflow.,3,,
Produce a mild wind.,3,,
Start a light circulation.,3,,
Initiate a tender draft.,3,,
Form a delicate breeze.,3,,
blow the air,3,,
Push air outward.,3,,
Generate airflow.,3,,
Circulate the atmosphere.,3,,
Create wind movement.,3,,
Start air propulsion.,3,,
i feel hot,3,,
I'm overheating.,3,,
I'm uncomfortably warm.,3,,
My body temperature is high.,3,,
I'm sweltering.,3,,
Heat is affecting me.,3,,
it's getting warm here,3,,
The temperature is rising.,3,,
This space is heating up.,3,,
Warmth is increasing.,3,,
It's becoming hot.,3,,
The room is warming.,3,,
i'm sweating,3,,
Perspiration is starting.,3,,
I'm perspiring heavily.,3,,
Sweat is forming.,3,,
I'm dripping with sweat.,3,,
Overheating causes sweat.,3,,
the room is too hot,3,,
This area is excessively warm.,3,,
Unbearable heat in here.,3,,
The space is like an oven.,3,,
Scorching conditions present.,3,,
Overheated environment.,3,,
the air feels still,3,,
No airflow detected.,3,,
Stagnant atmosphere here.,3,,
Zero breeze movement.,3,,
Air is motionless.,3,,
Windless conditions.,3,,
it is very hot,3,,
Extremely warm here.,3,,
Intense heat present.,3,,
Sweltering conditions.,3,,
Blazing temperatures.,3,,
Oppressive warmth.,3,,
this space is too hot,3,,
Uncomfortably warm area.,3,,
Overheated zone.,3,,
Excessive heat here.,3,,
Like a sauna in this spot.,3,,
I am entered make me cool,3,,
Cool me down immediately.,3,,
Reduce my body heat.,3,,
Lower my temperature.,3,,
Provide cooling relief.,3,,
Make me feel chilly.,3,,
make the room cool,3,,
Lower the room temperature.,3,,
Cool this environment.,3,,
Create a chilled space.,3,,
Bring down the heat.,3,,
Generate a cold atmosphere.,3,,
its too bees,3,,
Unbearably warm.,3,,
Excessively hot.,3,,
Overheated state.,3,,
I need air,3,,
Airflow is essential.,3,,
I crave circulation.,3,,
Breeze is necessary.,3,,
Wind needed urgently.,3,,
so sweating,3,,
Profuse perspiration.,3,,
Heavy sweating ongoing.,3,,
I more sweating,3,,
Drenched in sweat.,3,,
Perspiring excessively.,3,,
Sweating intensely.,3,,
so hot,3,,
Intolerable heat.,3,,
Blazing conditions.,3,,
Overpowering warmth.,3,,
I need cool,3,,
Cooling is essential.,3,,
I require coldness.,3,,
Chill needed now.,3,,
Lower temperature required.,3,,
Demand thermal relief.,3,,
make it cool,3,,
Cool this area down.,3,,
Create a cold environment.,3,,
Generate chill.,3,,
Reduce the heat.,3,,
it too hot,3,,
Excessively warm.,3,,
Scorching conditions.,3,,
temperature is too high,3,,
Elevated heat level.,3,,
Excessive warmth.,3,,
Overheated readings.,3,,
High thermal state.,3,,
Extreme mercury level.,3,,
its too sunny,3,,
Intense sunlight heat.,3,,
Solar overheating.,3,,
Sun-driven warmth.,3,,
Glaring heat present.,3,,
Brightness causing heat.,3,,
its too respire,3,,
Oppressively warm.,3,,
Suffocating heat.,3,,
Humidity discomfort.,3,,
Muggy conditions.,3,,
Stifling atmosphere.,3,,
I am drenched,3,,
Soaked with sweat.,3,,
Dripping wet from heat.,3,,
Saturated by perspiration.,3,,
Thoroughly sweaty.,3,,
Drenched in moisture.,3,,
airplane,3,,
Air circulation requested.,3,,
Please provide breeze.,3,,
Wind needed.,3,,
Ventilate immediately.,3,,
Airflow if you will.,3,,
raise in temperature,3,,
Heat is increasing.,3,,
Warming trend detected.,3,,
Temperature climbing.,3,,
Mercury rising.,3,,
Progressive overheating.,3,,
reduce the temperature,3,,
Lower the heat level.,3,,
Cool things down.,3,,
Decrease warmth.,3,,
Bring down the mercury.,3,,
Minimize thermal energy.,3,,
it is like oven,3,,
Oven-like conditions.,3,,
Baking heat present.,3,,
Furnace-level warmth.,3,,
Roasting temperatures.,3,,
I need wind,3,,
Air movement needed.,3,,
Circulation necessary.,3,,
Requesting gust flow.,3,,
I am suffocating,3,,
Can't breathe in heat.,3,,
Choking from warmth.,3,,
Stifling discomfort.,3,,
Suffocating conditions.,3,,
Air deprivation felt.,3,,
cool my space,3,,
Chill my area.,3,,
Make my zone cold.,3,,
Refresh this spot.,3,,
Reduce heat locally.,3,,
cool my area,3,,
Lower heat in my vicinity.,3,,
Chill this specific zone.,3,,
Cool down my location.,3,,
Reduce local temperature.,3,,
I need ventilation,3,,
Air exchange required.,3,,
Fresh airflow needed.,3,,
Breeze system requested.,3,,
Venting is necessary.,3,,
cool my cabin,3,,
Chill my enclosed space.,3,,
Reduce heat in my cabin.,3,,
Lower cabin temperature.,3,,
Make my compartment cold.,3,,
Cool this small room.,3,,
make the room chill,3,,
Create a cold environment.,3,,
Generate frigid conditions.,3,,
Ice up the space.,3,,
Produce arctic vibes.,3,,
make the my space chill,3,,
Chill my personal area.,3,,
Cool down my zone.,3,,
Freeze my spot.,3,,
Lower local temperature.,3,,
Make my vicinity cold.,3,,
I feel very hot,3,,
Severe heat discomfort.,3,,
Burning up.,3,,
cool the system,3,,
Reduce mechanical heat.,3,,
Lower device temperature.,3,,
Chill the equipment.,3,,
System cooling required.,3,,
Prevent overheating.,3,,
make me cool,3,,
Chill me down.,3,,
Refresh me thermally.,3,,
make the cool,3,,
Create cold atmosphere.,3,,
Produce frigid conditions.,3,,
room is too hot,3,,
Intolerable heat present.,3,,
Furnace-like environment.,3,,
turn off the water tap,4,,
Shut off the faucet immediately.,4,,
Close the water tap.,4,,
Please stop the water from the tap.,4,,
Deactivate the tap.,4,,
Ensure the tap is turned off.,4,,
switch off the tap,4,,
Flip the tap to the off position.,4,,
Power down the tap.,4,,
Turn the tap off.,4,,
Stop the tap's flow.,4,,
Disable the tap.,4,,
please close the tap,4,,
Kindly shut the tap.,4,,
Could you close the faucet?,4,,
I'd appreciate it if you shut off the tap.,4,,
Please stop the water by closing the tap.,4,,
Close the tap,4,,
tap off,4,,
Set the tap to off.,4,,
Tap status: off.,4,,
Ensure the tap is deactivated.,4,,
No water flow from tap.,4,,
Tap should be closed.,4,,
can you stop the tap,4,,
Could you halt the tap?,4,,
Would you mind stopping the tap?,4,,
Can the tap be stopped?,4,,
Please stop the tap if possible.,4,,
Is stopping the tap an option?,4,,
too much water,4,,
Excessive water flow.,4,,
Water is overabundant.,4,,
There's an overflow of water.,4,,
Water quantity is too high.,4,,
Overwhelming water presence.,4,,
save water,4,,
Conserve water.,4,,
Use water sparingly.,4,,
Preserve water resources.,4,,
Reduce water usage.,4,,
Avoid water wastage.,4,,
no more water needed,4,,
Water is no longer required.,4,,
Cease water supply.,4,,
Stop additional water.,4,,
We have sufficient water.,4,,
Halt water flow now.,4,,
shut the tap,4,,
Close the faucet.,4,,
Stop the tap.,4,,
Seal the tap.,4,,
Deactivate the water source.,4,,
end water flow,4,,
Stop the flow of water.,4,,
Terminate water movement.,4,,
Cease water circulation.,4,,
Halt the water stream.,4,,
Discontinue water supply.,4,,
water is overflowing,4,,
Water is spilling over.,4,,
There's an overflow occurring.,4,,
Water level is too high.,4,,
Excess water is escaping.,4,,
The container is overflowing.,4,,
stop the water now,4,,
Immediately cease water flow.,4,,
Halt the water instantly.,4,,
Stop water right now.,4,,
End water supply urgently.,4,,
Water must stop flowing now.,4,,
turn off the tap please,4,,
Please shut off the tap.,4,,
Kindly deactivate the faucet.,4,,
Could you turn the tap off?,4,,
I request you switch off the tap.,4,,
Tap off please,4,,
don’t waste water,4,,
Avoid unnecessary water use.,4,,
Prevent water wastage.,4,,
Use water judiciously.,4,,
Conserve water by not wasting.,4,,
Stop squandering water.,4,,
tap is leaking,4,,
The faucet has a leak.,4,,
Water is dripping from the tap.,4,,
There's a leak in the tap.,4,,
The tap is not fully closed.,4,,
Dripping tap detected.,4,,
Turn off the pump,4,,
Deactivate the pump.,4,,
Stop the pump's operation.,4,,
Shut the pump off.,4,,
Pump off,4,,
Set the pump to off.,4,,
Pump status: inactive.,4,,
Ensure the pump is off.,4,,
Shutdown the pump,4,,
Perform a pump shutdown.,4,,
Terminate pump operation.,4,,
Power off the pump completely.,4,,
Cease pump function.,4,,
Stop the pump entirely.,4,,
Deactivate pump,4,,
Make the pump inactive.,4,,
Stop pump activity.,4,,
Render the pump non-operational.,4,,
Stop the pump,4,,
Halt the pump.,4,,
Cease pump operation.,4,,
Bring the pump to a stop.,4,,
End the pump's running.,4,,
Interrupt the pump.,4,,
Cut off the pump,4,,
Sever power to the pump.,4,,
Disconnect the pump.,4,,
Isolate the pump.,4,,
Stop the pump abruptly.,4,,
Kill pump power.,4,,
Cut down the pump,4,,
Reduce pump activity to zero.,4,,
Discontinue pump usage.,4,,
Terminate the pump,4,,
End the pump's function.,4,,
Abort pump operation.,4,,
Stop the pump completely.,4,,
Kill the pump process.,4,,
Conclude pump activity.,4,,
Wind up the pump,4,,
Conclude the pump's operation.,4,,
Finish using the pump.,4,,
Wrap up pump activity.,4,,
Complete the pump cycle.,4,,
Break off the pump,4,,
Interrupt the pump suddenly.,4,,
Halt pump operation abruptly.,4,,
Sever the pump's function.,4,,
Drop the pump,4,,
Stop the pump immediately.,4,,
Let go of pump operation.,4,,
Release the pump controls.,4,,
Abandon pump usage.,4,,
Cease the pump.,4,,
Close the pump,4,,
Seal the pump's operation.,4,,
Abort the pump,4,,
Cancel pump operation.,4,,
Stop the pump urgently.,4,,
Call off the pump.,4,,
Off the pump,4,,
Pump should be off.,4,,
Kill the pump,4,,
Destroy pump operation.,4,,
End the pump permanently.,4,,
Terminate the pump now.,4,,
Slay the pump's power.,4,,
Stand down the pump,4,,
Decommission the pump temporarily.,4,,
Put the pump on standby.,4,,
Let the pump rest.,4,,
Power off the pump,4,,
Cut power to the pump.,4,,
Turn off the pump's electricity.,4,,
De-energize the pump.,4,,
Switch off the pump.,4,,
Disconnect power supply to the pump.,4,,
Silence the flow,4,,
Stop the flow quietly.,4,,
Halt the movement of fluid.,4,,
Cease the stream.,4,,
End the flow without noise.,4,,
Make the flow stop.,4,,
Disable the pump,4,,
Make the pump inoperable.,4,,
Deactivate the pump's function.,4,,
Render the pump useless.,4,,
End pump cycle,4,,
Conclude the pump's current cycle.,4,,
Stop the pump after this phase.,4,,
Terminate the pumping sequence.,4,,
Finish the pump operation.,4,,
Complete the pump activity.,4,,
Hit the stop button off the pump,4,,
Press the pump's stop button.,4,,
Engage the stop switch on the pump.,4,,
Use the button to deactivate the pump.,4,,
Stop the pump via its control.,4,,
Depress the off switch for the pump.,4,,
Unplug the pump,4,,
Disconnect the pump from power.,4,,
Pull the plug on the pump.,4,,
Remove the pump's electrical connection.,4,,
De-energize by unplugging.,4,,
Stop by disconnecting the plug.,4,,
De-energize the pump,4,,
Make the pump powerless.,4,,
Remove energy supply from the pump.,4,,
Stop electricity to the pump.,4,,
Make pump zero flow,4,,
Reduce pump output to zero.,4,,
Stop all flow from the pump.,4,,
Halt the pump's discharge.,4,,
Ensure no flow is produced.,4,,
Set pump to zero flow rate.,4,,
Off the pipe,4,,
Close the pipe valve.,4,,
Shut off the pipeline.,4,,
Stop flow in the pipe.,4,,
Deactivate the pipe's flow.,4,,
Pipe should be closed.,4,,
Shutdown the pipe,4,,
Terminate flow in the pipe.,4,,
Close the pipe system.,4,,
Stop the pipe's operation.,4,,
Cease pipe flow.,4,,
Deactivate the pipeline.,4,,
Disconnect the pump,4,,
Remove pump connections.,4,,
Detach the pump.,4,,
Sever the pump's links.,4,,
Isolate the pump.,4,,
First off the pump,4,,
Initially  deactivate the pump.,4,,
Step one: stop the pump.,4,,
First  shut down the pump.,4,,
Begin by turning off the pump.,4,,
Priority: pump off.,4,,
Stop running of pump,4,,
Cease the pump from running.,4,,
End the pump's activity.,4,,
Stop the pump's motion.,4,,
Prevent the pump from operating.,4,,
Kill it when flow water finish,4,,
Stop the pump once water stops.,4,,
Deactivate after flow ends.,4,,
Kill power post-flow.,4,,
Turn off when water ceases.,4,,
Shut down upon completion.,4,,
Flip off the pump,4,,
Switch the pump off quickly.,4,,
Turn off the pump with a flip.,4,,
Deactivate the pump abruptly.,4,,
Use a switch to stop the pump.,4,,
Flip the switch to off position.,4,,
End the pump flow,4,,
Stop the flow from the pump.,4,,
Terminate the pump's output.,4,,
Cease fluid discharge.,4,,
Halt the pumped flow.,4,,
Conclude the flow.,4,,
Shut the pump down,4,,
Close down the pump.,4,,
Deactivate the pump entirely.,4,,
Stop the pump system.,4,,
Turn off the steam,4,,
Shut down the steam supply.,4,,
Stop the steam flow.,4,,
Cease steam production.,4,,
Close the steam valve.,4,,
Would shut down the steam,4,,
I would stop the steam.,4,,
Could deactivate the steam?,4,,
Should we shut down steam?,4,,
Might turn off the steam.,4,,
Consider stopping the steam.,4,,
Off the flow of water,4,,
Deactivate the water stream.,4,,
Halt the movement of water.,4,,
Cease water passage.,4,,
End water circulation.,4,,
Interrupt the flow of passage,4,,
Stop the flow through the passage.,4,,
Halt the movement in the conduit.,4,,
Break the flow continuity.,4,,
Cease passage flow.,4,,
Disrupt the stream.,4,,
Stop the running process,4,,
Halt the ongoing procedure.,4,,
Cease the current process.,4,,
End the active operation.,4,,
Terminate the running system.,4,,
Abort the process.,4,,
Off the outflow,4,,
Shut off the outflow.,4,,
Stop the exiting flow.,4,,
Deactivate the discharge.,4,,
Halt the outflow.,4,,
Close the outflow valve.,4,,
Shut down the outflow,4,,
Terminate the outflow.,4,,
Stop the discharge.,4,,
Cease the outgoing flow.,4,,
End the outflow.,4,,
Kill the flow,4,,
Stop the flow completely.,4,,
End the circulation.,4,,
Terminate the stream.,4,,
Abruptly halt the flow.,4,,
Destroy the flow.,4,,
Cease the flow,4,,
End the stream.,4,,
Discontinue the flow.,4,,
Terminate the circulation.,4,,
Block the steam,4,,
Obstruct the steam flow.,4,,
Stop steam passage.,4,,
Hinder steam movement.,4,,
Prevent steam from flowing.,4,,
Seal off steam.,4,,
Discontinue the steam,4,,
Stop the steam supply.,4,,
End the steam flow.,4,,
Halt the steam.,4,,
Terminate steam.,4,,
Lock the flow,4,,
Secure the flow in off position.,4,,
Prevent flow by locking.,4,,
Stop and lock the stream.,4,,
Immobilize the flow.,4,,
Fix the flow as stopped.,4,,
Seal the flow,4,,
Close off the flow completely.,4,,
Stop and seal the passage.,4,,
Shut the flow tightly.,4,,
Hermetically stop the flow.,4,,
Close the flow path.,4,,
Make sure flow is stopped,4,,
Ensure the flow has ceased.,4,,
Verify that movement stopped.,4,,
Confirm flow termination.,4,,
Check that flow is halted.,4,,
Guarantee no flow is present.,4,,
Make sure steam running is stopped,4,,
Confirm steam is deactivated.,4,,
Ensure steam flow has ended.,4,,
Verify cessation of steam.,4,,
Check that steam is off.,4,,
Guarantee no steam is flowing.,4,,
Cut the supply of water,4,,
Sever the water supply.,4,,
Stop water provision.,4,,
Halt water delivery.,4,,
End the water source.,4,,
Discontinue water input.,4,,
Halt the water run,4,,
Cease the water stream.,4,,
End the water operation.,4,,
Interrupt the water movement.,4,,
Freeze the water run.,4,,
Shut the valve,4,,
Close the valve.,4,,
Seal the valve.,4,,
Stop flow via the valve.,4,,
Deactivate the valve.,4,,
Cut the flow of pipe,4,,
Sever the flow in the pipe.,4,,
Interrupt the pipeline flow.,4,,
Halt the movement through the pipe.,4,,
End the pipe's discharge.,4,,
turn on the water tap,5,,
Activate the faucet.,5,,
Start the water flow.,5,,
Run the tap.,5,,
Release water from the tap.,5,,
Operate the water tap.,5,,
switch on the tap,5,,
Flip the tap on.,5,,
Engage the water tap.,5,,
Power on the faucet.,5,,
Turn the tap on.,5,,
Activate the tap.,5,,
please open the tap,5,,
Kindly turn on the faucet.,5,,
Could you open the tap?,5,,
Please start the water.,5,,
I’d appreciate it if you’d run the tap.,5,,
Would you mind turning on the tap?,5,,
tap on,5,,
Turn the faucet on.,5,,
Start the water.,5,,
Get the tap running.,5,,
Switch on the water.,5,,
can you turn the tap on,5,,
Could you activate the faucet?,5,,
Would you run the tap?,5,,
Can you start the water?,5,,
Will you turn on the tap?,5,,
Might you release the water?,5,,
i need water,5,,
I require water.,5,,
Water is necessary.,5,,
I must have water.,5,,
I’m in need of water.,5,,
Hydration is essential for me.,5,,
i want to wash hands,5,,
I need to clean my hands.,5,,
Handwashing is required.,5,,
I’d like to rinse my hands.,5,,
I must wash up.,5,,
It’s time for hand hygiene.,5,,
it's time to clean,5,,
Cleaning is necessary.,5,,
Begin sanitation.,5,,
Now is the moment to wash.,5,,
Start the cleansing process.,5,,
Proceed with tidying.,5,,
let water flow,5,,
Allow water to run.,5,,
Release the flow.,5,,
Start the current.,5,,
Permit water movement.,5,,
Initiate water passage.,5,,
start the water,5,,
Begin the water flow.,5,,
Activate the supply.,5,,
Commence hydration.,5,,
Run the water.,5,,
Initiate the stream.,5,,
release the water,5,,
Let water out.,5,,
Free the water.,5,,
Discharge the liquid.,5,,
Allow flow.,5,,
Start the release.,5,,
tap is off,5,,
The faucet is deactivated.,5,,
Water flow has stopped.,5,,
The tap isn’t running.,5,,
Flow is discontinued.,5,,
The water is shut off.,5,,
open the tap now,5,,
Turn on the faucet immediately.,5,,
Activate the tap now.,5,,
Start the water right away.,5,,
Run the tap this instant.,5,,
Release water without delay.,5,,
water please,5,,
"Hydration, please.",5,,
I’d like water.,5,,
Could I have water?,5,,
Water is requested.,5,,
Please provide water.,5,,
flow the tap,5,,
Let the tap run.,5,,
Start water from the faucet.,5,,
Allow tap water to flow.,5,,
Turn on the spigot.,5,,
Get the fixture running.,5,,
turn on tap,5,,
Open the spigot.,5,,
Engage the water source.,5,,
open the tap,5,,
Release the flow.,5,,
Allow water to run.,5,,
start the tap,5,,
Get the faucet running.,5,,
Initiate water flow.,5,,
Begin the stream.,5,,
Operate the fixture.,5,,
release water,5,,
Free the liquid.,5,,
Discharge the flow.,5,,
Allow water to escape.,5,,
Start the outflow.,5,,
activate tap,5,,
Engage the tap.,5,,
Start the fixture.,5,,
Operate the spigot.,5,,
Power the water source.,5,,
allow water flow,5,,
Permit water to move.,5,,
Let the stream run.,5,,
Enable hydration.,5,,
Authorize water passage.,5,,
Don’t block the flow.,5,,
water on,5,,
Turn on hydration.,5,,
Begin the supply.,5,,
turn the water on,5,,
Switch on the water.,5,,
Activate the flow.,5,,
Start the stream.,5,,
Engage the water source.,5,,
run the tap,5,,
Operate the faucet.,5,,
Allow the tap to flow.,5,,
Keep the water running.,5,,
Turn on the fixture.,5,,
put on the tap,5,,
Switch on the supply.,5,,
Engage the spigot.,5,,
let the water flow,5,,
Allow the stream.,5,,
Keep it running.,5,,
Permit hydration.,5,,
begin water supply,5,,
Initiate the flow.,5,,
Turn on the source.,5,,
start water flow,5,,
Run the water.,5,,
Initiate the current.,5,,
flow the water,5,,
Let water run.,5,,
Release the liquid.,5,,
Allow it to move.,5,,
Keep the water going.,5,,
tap please,5,,
"Faucet, please.",5,,
"Turn on the tap, please.",5,,
"Water source, now.",5,,
I need the tap.,5,,
"Open the spigot, kindly.",5,,
give me water,5,,
Provide water.,5,,
Pass me water.,5,,
Hydrate me.,5,,
make the water run,5,,
Activate the stream.,5,,
initiate the current.,5,,
i am thirsty,5,,
I’m parched.,5,,
I need a drink.,5,,
My throat is dry.,5,,
I require hydration.,5,,
I’m feeling dehydrated.,5,,
filling a bottle,5,,
I need to top up a bottle.,5,,
Refill this container.,5,,
The bottle requires water.,5,,
I’m replenishing a bottle.,5,,
Get water for this vessel.,5,,
washing vegetables,5,,
I must rinse the produce.,5,,
Clean these vegetables.,5,,
The veggies need washing.,5,,
Prepare greens by cleaning.,5,,
Sanitize the vegetables.,5,,
need to cook,5,,
Cooking is required.,5,,
I must prepare food.,5,,
Meal prep is needed.,5,,
It’s time to cook.,5,,
Begin culinary work.,5,,
cleaning dishes,5,,
Wash the dishes.,5,,
Sanitize the plates.,5,,
Clean the tableware.,5,,
Do the washing up.,5,,
Scrub the utensils.,5,,
watering plants,5,,
Hydrate the greenery.,5,,
Irrigate the plants.,5,,
Feed the flora.,5,,
Tend to the garden.,5,,
Nourish the vegetation.,5,,
feeling dehydrated,5,,
I’m lacking hydration.,5,,
My body needs water.,5,,
I’m dried out.,5,,
Rehydration is urgent.,5,,
washing my face,5,,
Cleanse my face.,5,,
Rinse my visage.,5,,
Freshen up my skin.,5,,
Perform facial hygiene.,5,,
Splash water on my face.,5,,
cleaning the floor,5,,
Mop the floor.,5,,
Wash the ground.,5,,
Sanitize the surface.,5,,
Tidy the flooring.,5,,
Scrub the tiles.,5,,
bathing time,5,,
Time for a bath.,5,,
I need to bathe.,5,,
Begin the soak.,5,,
Start the cleansing ritual.,5,,
Prepare for a wash.,5,,
car wash,5,,
Clean the vehicle.,5,,
The automobile needs rinsing.,5,,
Wash the car.,5,,
Soap and water for the auto.,5,,
Vehicle cleaning is due.,5,,
need some drinking water,5,,
I require potable water.,5,,
Drinking water is essential.,5,,
Hydration for consumption.,5,,
"Water to drink, please.",5,,
Thirst-quenching liquid needed.,5,,
cleaning fruits,5,,
Rinse the fruit.,5,,
Wash the produce.,5,,
Sanitize the apples.,5,,
Clean the berries.,5,,
Prepare fruits by washing.,5,,
hot outside need water,5,,
The heat demands hydration.,5,,
Weather requires water.,5,,
High temperatures necessitate drinking.,5,,
Sun calls for fluids.,5,,
Hydrate due to warmth.,5,,
pet needs water,5,,
My animal requires water.,5,,
The pet is thirsty.,5,,
Water for the pet is essential.,5,,
Hydrate the animal.,5,,
The pet must drink.,5,,
bucket is empty,5,,
The pail needs filling.,5,,
Refill the bucket.,5,,
This container has no water.,5,,
The bucket is dry.,5,,
Water is absent in the bucket.,5,,
need to cool down,5,,
I must lower my temperature.,5,,
Cooling off is essential.,5,,
Reduce body heat.,5,,
Beat the heat.,5,,
Refresh myself.,5,,
rinsing clothes,5,,
Laundry requires rinsing.,5,,
Cleanse the garments.,5,,
Wash the clothing.,5,,
Remove soap from fabrics.,5,,
Refresh these clothes with water.,5,,
garden watering,5,,
Hydrate the garden.,5,,
The greenery needs water.,5,,
Tend to the plants with water.,5,,
Moisturize the soil.,5,,
start fan and light,31,,
stop fan and light,20,,
start fan and water tap,35,,
stop fan and water tap,24,,
light and water on,15,,
light and water tap off,40,,
activate fan and light,31,,
deactivate fan and light,20,,
turn fan and light to on,31,,
turn fan and water tap to off,24,,
enable fan and water tap,35,,
disable fan and water tap,24,,
fan on and  light off,30,,
tap on and   light off,50,,
light on and tap off,14,,
switch on fan and light off,30,,
turn on tap and turn off light,50,,
tap on and fan off,52,,
tap off and light on,41,,
switch off tap and on fan,43,,
start tap and switch off light,50,,
fan on  then light off,30,,
light on and fan on,13,,
fan off and tap off,24,,
turn on the fan and off the light,30,,
switch off the fan and on the light,21,,
activate fan and deactivate tap,34,,
deactivate fan and activate tap,25,,
start fan and stop tap,34,,
stop fan and start tap,25,,
power on fan and power off light,30,,
power off fan and power on light,21,,
enable fan and disable tap,34,,
disable fan and enable tap,25,,
fan on and light off,30,,
fan off and light on,21,,
switch fan on and tap off,34,,
switch fan off and tap on,25,,
start the fan and shut the tap,34,,
shut the fan and start the tap,25,,
turn fan on and light off,30,,
turn fan off and light on,21,,
fan enable and tap disable,34,,
fan disable and tap enable,25,,
put on the fan and put off the light,30,,
put off the fan and put on the light,21,,
light on and fan off,12,,
fan on  and  light off,30,,
tap on and  light off,50,,
light on and tap off,14,,
"switch on fan and light,leave water tap",31,,
everything off,204,,
turn off all devices,204,,
switch everything off,204,,
shut down all appliances,204,,
stop all,204,,
please turn off fan and light,204,,
stop fan and light,204,,
turn off light and tap,204,,
everything is running,204,,
it's noisy here,204,,
power down all,204,,
shut all,204,,
stop all electronics,204,,
quiet down everything,204,,
turn on everything,135,,
switch on all devices,135,,
start all appliances,135,,
power up all,135,,
turn on fan and light,135,,
start fan and tap,135,,
i need everything on,135,,
everything should be running,135,,
make the room ready,135,,
activate all,135,,
initialize all devices,135,,
kickstart everything,135,,
switch on all,315,,
switch off all,204,,
turn everything on,315,,
turn everything off,204,,
all devices on,315,,
all devices off,204,,
power on all,315,,
power off all,204,,
activate all appliances,315,,
deactivate all appliances,204,,
"fan,light,water tap",204,,
"light,fan,water tap",315,,
everything shut,204,,
everything start,115,,
all on now,315,,
"turn on fan and light,off water",314,,
"switch on light and fan,off water",314,,
"fan,light,water tap on",315,,
"fan,water tap,light on",351,,
"light,fan,water tap on",135,,
"light,water tap,fan on",153,,
"water tap,fan,light on",531,,
"water tap,light,fan on",513,,
"fan,light,water tap off",204,,
"fan,water tap,light off",240,,
"light,fan,water tap off",24,,
"light,water tap,fan off",42,,
"water tap,fan,light off",420,,
"water tap,light,fan off",402,,
How's the weather today?,null,,
Tell me a joke.,null,,
What's your name?,null,,
Who won the match yesterday?,null,,
What is the capital of France?,null,,
How do you make a cake?,null,,
Play some rock music.,null,,
What is the meaning of life?,null,,
Remind me to call mom.,null,,
Book a cab to the airport.,null,,
How old are you?,null,,
Show me pictures of cats.,null,,
Set a reminder for 6 PM.,null,,
What's trending on Twitter?,null,,
Translate 'hello' to Spanish.,null,,
What is 25 multiplied by 4?,null,,
Open Google.,null,,
What does NASA do?,null,,
What time is the movie?,null,,
How tall is Mount Everest?,null,,
Read me a poem.,null,,
Tell me about the Taj Mahal.,null,,
What is your favorite color?,null,,
Find me Italian restaurants nearby.,null,,
Show me recent news headlines.,null,,
Define artificial intelligence.,null,,
Tell me something interesting.,null,,
Who is the president of the USA?,null,,
Can you make me laugh?,null,,
Search for nearby hospitals.,null,,
What are some yoga poses?,null,,
How can I save more money?,null,,
Write a short story.,null,,
Give me a travel tip.,null,,
Who invented the telephone?,null,,
Tell me a bedtime story.,null,,
What is a black hole?,null,,
Give me a quote of the day.,null,,
How do I tie a tie?,null,,
Where is the nearest ATM?,null,,
What's the score of the cricket game?,null,,
What’s on my schedule today?,null,,
Play a guessing game.,null,,
Do you believe in aliens?,null,,
What are the symptoms of cold?,null,,
What’s the latest tech news?,null,,
Who wrote Harry Potter?,null,,
How far is the moon?,null,,
How do you boil an egg?,null,,
Who is your favorite superhero?,null,,
Show me workout exercises.,null,,
Can you draw something?,null,,
What is the best movie of 2023?,null,,
How do you fix a flat tire,null,,
Where can I learn guitar online,null,,
What is the time zone of Japan,null,,
What does DNA stand for,null,,
Tell me about dinosaurs,null,,
Is coffee good for health,null,,
Give me a math trick,null,,
What is Bitcoin,null,,
Tell me a riddle,null,,
What do clouds do,null,,
Can dogs eat chocolate,null,,
Give me a history fact,null,,
Where do kangaroos live,null,,
What are constellations,null,,
What is gravity,null,,
What's your favorite song,null,,
Who discovered electricity,null,,
What does LOL mean,null,,
How do planes fly,null,,
What are healthy snacks,null,,
What's the tallest building,null,,
What is a volcano,null,,
Where is the Sahara desert,null,,
What's a haiku,null,,
What is your favorite food,null,,
How to meditate,null,,
What is WiFi,null,,
I’m getting bored,null,,
Let’s play a board game,null,,
Give me a language fact,null,,
Why is the sky blue,null,,
What is 3D printing,null,,
Who painted the Mona Lisa,null,,
Can birds talk,null,,
What's the speed of light,null,,
Tell me about robots,null,,
What’s an eclipse,null,,
Do fish sleep,null,,
Who is Einstein,null,,
What's a meme,null,,
What is a palindrome,null,,
Tell me about the pyramids,null,,
How long is a marathon,null,,
What’s a good bedtime routine,null,,
Can you teach me chess,null,,
What’s a lunar year,null,,
Who was Shakespeare,null,,
How do magnets work,null,,
What is a proverb,null,,
Do penguins fly,null,,
What is a rainbow made of,null,,
What is the internet,null,,
I have a lot of homework today,null,,
What happened in school today,null,,
I’m going to play now,null,,
Do you have a pen,null,,
What’s for breakfast today,null,,
What’s for lunch,null,,
What’s for dinner,null,,
I forgot my book,null,,
I need to call my friend,null,,
When is my exam,null,,
I lost my eraser,null,,
Did I leave my bag here,null,,
I want to watch cartoons,null,,
Can I go outside now,null,,
I finished my homework,null,,
What’s the time now,null,,
I want some water,null,,
My pencil is broken,null,,
I’m hungry,null,,
Is my uniform ready,null,,
Where is my notebook,null,,
Shall we go to the park,null,,
What day is it today,null,,
Can I get some snacks,null,,
I need help with my project,null,,
Is tomorrow a holiday,null,,
I want to draw something,null,,
Can you check my homework,null,,
I want to listen to music,null,,
I need to pack my bag.,null,,
Let’s go shopping.,null,,
Can I borrow your book?,null,,
What should I wear today?,null,,
I had a funny dream.,null,,
Let’s watch a movie.,null,,
I want to read a comic.,null,,
I need to buy a gift.,null,,
Shall I invite my friend?,null,,
Can we bake a cake?,null,,
I want to color this page.,null,,
I have a test tomorrow.,null,,
"turn on fan,light,pump",315,,
"turn off fan,light,pump",204,,
"switch off fan,light,pump",204,,
resist pump,4,,
pump off,4,,
I think I am in dessert,3,,
it is hot,3,,
it is cold,2,,
lgt off,0,,
lit on,1,,
fan off,2,,
fan to three,3,,
pump stop,4,,
water onn,5,,
dark in here,1,,
cold room,2,,
I'm hot,3,,
tank full,4,,
tank empty,5,,
lites out,0,,
make it brite,1,,
air off,2,,
air on,3,,
water tap close,4,,
water pump start,5,,
shut up the light,0,,
make room warm,2,,
make room breeze,3,,
need water,5,,
stop the water,4,,
too much shine,0,,
can’t see anything,1,,
I'm too cold,2,,
I'm too warm,3,,
water fill,5,,
water stop,4,,
light off plz,0,,
make it night in here,0,,
I can see well enough,0,,
we dont need illumination,0,,
dim off,0,,
im exiting the room,0,,
turn off lights,0,,
kill the power to the fixture,0,,
light's out,0,,
,,,
I'm blind,1,,
I gotta read something,1,,
turn on lights,1,,
Make the room visible,1,,
I need light to work on my laptop,1,,
can you see my hand?,1,,
it's pitch dark,1,,
enable bright,1,,
activate the lamp,1,,
the glow is not present,1,,
,,,
wind down the fan,2,,
fan to idle,2,,
stop the air circulation,2,,
my papers are flying,2,,
fan off please, it's too much,2,
I'm going to take a nap,2,,
no breeze wanted,2,,
please stop the rotation,2,,
It's chilly, man,2,
,,,
let's get some cool air,3,,
fan speed 1,3,,
I'm roasting alive,3,,
make me feel fresh,3,,
it's humid in here,3,,
start the motor,3,,
I am overheating fan,3,,
need some air movement,3,,
push air,3,,
breathe in here,3,,
I need to boil some water now,5,,
Water is needed,5,,
The whole place is stuffy,3,,
Air circulation is needed,3,,
I can't find my keys!,1,,
Need visibility,1,,
It is too difficult to see,1,,
I'm heading out the door,0,,
Leaving the area,0,,
The room needs to be refreshed,3,,
I'm getting goosebumps,2,,
Feeling cold,2,,
We are done washing clothes,4,,
Water supply can stop,4,,
The well must be dry,5,,
Need to pump water,5,,
I'm going to watch a movie now,0,,
Need low light,0,,
I'm ready for bed,0,,
Need darkness,0,,
I feel suffocated,3,,
Need air circulation,3,,
It's chilly, where's my sweater?,2,
The tank overflowed last time,4,,
Be safe, stop pumping,4,
It's getting pretty dark outside,1,,
Need indoor light,1,,
I'm finished reading,0,,
Done with close-up task,0,,
It is too hard to breathe here,3,,
Need air,3,,
My nose is running,2,,
Feeling cold,2,,
Can you hear the water running?,4,,
Water waste, stop it,4,
I need to find the charging cable,1,,
Need visibility,1,,
I'm not doing laundry today,4,,
No need for water,4,,
The air feels thick,3,,
Need circulation,3,,
I'm coming home now,1,,
Prepare the house,1,,
It's muggy in here,3,,
Humid and hot,3,,
I need the shower to have good pressure,5,,
Need water pressure,5,,
My head is starting to hurt,0,,
Possible glare issue,0,,
This light is killing my eyes,0,,
Glare issue,0,,
Make it comfortable in here,3,,
I just spilled something on the floor,1,,
Need light for cleaning,1,,
Start the filling process,5,,
Direct action for pump,5,,
System shutdown initiated,24,,
All OFF,24,,
Everything running full power,135,,
All ON,135,,
Prepare the house,134,,
I'm leaving for the night,24,,
Let's conserve all resources,24,,
Everything needs to be active now,135,,
I need to start working on everything,135,,
Stop all home appliances,24,,
De-energize all systems,24,,
Start the whole setup,135,,
Get the utilities going,35,,
No noise, no light, just water,25
I only need light and airflow,134,,
Water and breeze are necessary now,35,,
I want to see and cool down,134,,
Switch on everything except the pump,134,,
Shut down everything but the light,124,,
Just the fan and pump should run,35,,
Light and pump only please,125,,
It is too stuffy and dark,134,,
The house is freezing and dark,124,,
Turn off all power switches,24,,
Initiate power supply to all,135,,
I am home,134,,
I'm going to sleep and I don't need water,24,,
Cool me down and give me light,134,,
I need light, but it's too cold,124,
The place is too hot and dark, and I need water,135,
We are done with the water, but I need light and air,134,
All devices to inactive mode,24,,
Full automation sequence start,135,,
I need the fan, light, and motor working,135
Only the fan and light are required,134,,
No light, but I need the motor and fan,35,
Turn off the fan, keep the light and water running,125,
Stop the airflow and the pump, but keep the light,124,
The party's over,24,,
Welcome home,135,,
Set everything to minimum power,24,,
Power up the living space,134,,
I want a breeze and good water pressure, but no lights,35,
Just light and water, the air is fine,125,
Turn on all the house functions,135,,
Cut all the main lines,24,,
I only need to fill the tank, it's cool and bright already,25,
Fan on, light on, pump off,134
Light off, fan off, pump on,25
Light off, fan on, pump off,34
Light on, fan off, pump off,124
Activate L, F, and P,135
its too hard,3,,
its too cold,2,,
it is hard,3,,
it is cold,2,,
System shutdown initiated,24,,
All OFF,24,,
Everything running full power,135,,
All ON,135,,
Prepare the house,134,,
I'm leaving for the night,24,,
Let's conserve all resources,24,,
Everything needs to be active now,135,,
I need to start working on everything,135,,
Stop all home appliances,24,,
De-energize all systems,24,,
Start the whole setup,135,,
Get the utilities going,35,,
No noise, no light, just water,25
I only need light and airflow,134,,
Water and breeze are necessary now,35,,
I want to see and cool down,134,,
Switch on everything except the pump,134,,
Shut down everything but the light,124,,
Just the fan and pump should run,35,,
Light and pump only please,125,,
It is too stuffy and dark,134,,
The house is freezing and dark,124,,
Turn off all power switches,24,,
Initiate power supply to all,135,,
I am home,134,,
I'm going to sleep and I don't need water,24,,
Cool me down and give me light,134,,
I need light  but it's too cold,124,,
The place is too hot and dark  and I need water,135,,
We are done with the water  but I need light and air,134,,
All devices to inactive mode,24,,
Full automation sequence start,135,,
I need the fan  light  and motor working,135,,
Only the fan and light are required,134,,
No light   but I need the motor and fan,35,,
Turn off the fan  keep the light and water running,125,,
Stop the airflow and the pump but keep the light,124,,
The party's over,24,,
Welcome home,135,,
Set everything to minimum power,24,,
Power up the living space,134,,
I want a breeze and good water pressure  but no lights,35,,
Just light and water  the air is fine,125,,
Turn on all the house functions,135,,
Cut all the main lines,24,,
I only need to fill the tank  it's cool and bright already,25,,
Fan on  light on  pump off,134,,
Light off  fan off pump on,25,,
Light off  fan on pump off,34,,
Light on fan off pump off,124,,
"Activate L ,P and F",135,,
I don’t need any brightness now,0,,
Shut down the lights,0,,
Let the room stay dim,0,,
Too much glare here,0,,
Lights are bothering my eyes,0,,
Turn everything dark,0,,
This light is annoying,0,,
Switch off the illumination,0,,
Lights out please,0,,
Make the place darker,0,,
Dim the environment,0,,
I don’t want light anymore,0,,
Cut the lamp power,0,,
The light feels harsh,0,,
Block the brightness,0,,
I prefer darkness at the moment,0,,
I'm lying down  turn off the light,0,,
Make the room calm and dark,0,,
Remove the brightness,0,,
Turn the whole lighting system off,0,,
,,,
Let there be light,1,,
Brighten this place now,1,,
Turn on the illumination,1,,
I can’t see anything clearly,1,,
Give me some brightness,1,,
Make the room glow,1,,
The darkness is unbearable,1,,
Activate the lighting,1,,
Switch on the lamp,1,,
Illuminate the whole area,1,,
Let me see what’s here,1,,
I need more visibility,1,,
Bring some light inside,1,,
Turn on the lights for me,1,,
I’m reading something,1,,
Increase room visibility,1,,
Give me bright conditions,1,,
I want the space to be lit,1,,
I’m searching for something small,1,,
Make the area visible,1,,
,,,
Stop the fan,2,,
Too windy here,2,,
Reduce the airflow to zero,2,,
Cut off the breeze completely,2,,
Turn the fan off right away,2,,
I’m shivering here,2,,
No air circulation needed,2,,
The wind is too strong for me,2,,
I want total stillness,2,,
Freeze the fan motor,2,,
Stop the rotation now,2,,
The air feels too cold,2,,
Turn down the breeze entirely,2,,
Deactivate the fan,2,,
No need for air movement,2,,
The fan is making noise,2,,
Calm the room by stopping the fan,2,,
I'm feeling chilly already,2,,
Make the room quieter,2,,
Slow everything down including the fan,2,,
,,,
Turn on the fan please,3,,
Let some breeze in,3,,
Start the airflow,3,,
It’s too hot here,3,,
Circulate the air,3,,
I need cooling right now,3,,
This heat is unbearable,3,,
Activate the fan motor,3,,
I want some fresh air,3,,
Increase air movement,3,,
Blow some air in here,3,,
Fan on for cooling,3,,
I feel stuffy,3,,
Let me breathe better,3,,
I need ventilation,3,,
Kick start the fan,3,,
Make the room breezy,3,,
Bring in airflow,3,,
Start circulating air again,3,,
Make it cooler here,3,,
,,,
Stop pumping water,4,,
Turn the pump off now,4,,
Water supply not needed anymore,4,,
Cut the water pressure,4,,
Close the water line,4,,
The tank is enough,4,,
We should stop the motor,4,,
Pump needs to rest,4,,
Shut down water movement,4,,
No more pumping,4,,
Turn off the water system,4,,
I think we have enough water,4,,
Cut the water flow,4,,
Stop the water motor,4,,
Disable the water pump,4,,
Too much water already,4,,
The tank might overflow,4,,
Don’t pump anything now,4,,
We’re done filling,4,,
Stop sending water,4,,
,,,
Start pumping water,5,,
Turn the water motor on,5,,
We need more water,5,,
Activate the water pump,5,,
Begin filling the tank,5,,
Send water through the system,5,,
Water supply is required now,5,,
Increase water flow,5,,
Start pushing water,5,,
Turn on the pressure pump,5,,
Water levels are low,5,,
Pump some water immediately,5,,
We need water circulation,5,,
Start the motor for water,5,,
Begin the water process,5,,
Tank is empty,5,,
I need a strong water flow,5,,
Start the filling job,5,,
Let the pump work,5,,
Kickstart water pumping,5,,
,,,
,,,
,,,
,,,
,,,
,,,
,,,
,,,
,,,
Activate only the fan and pump,35,,
Lights off but keep fan running,34,,
Only pump should run,5,,
Only fan should run,30,,
Only light should stay on,100,,
Fan and light only,134,,
Pump and light only,125,,
Pump and fan only,35,,
Turn everything on,135,,
Power down everything completely,24,,
,,,
Only airflow and brightness are needed,134,,
Keep the pump off but turn on others,134,,
Lights on water pumping no air,125,,
Everything active except the light,35,,
Keep light and fan on  pump off,134,,
Make all systems inactive,24,,
Start systems fully,135,,
Just fan and light required,134,,
Only water and air need to run,35,,
Everything but the pump should work,134,,
Only illumination is required,100,,
Only breeze is required,30,,
Start cooling and filling,35,,
Start lighting and pumping,125,,
Activate brightness and airflow,134,,
Only pump action needed,5,,
Fan on  keep everything else off,34,,
I want only darkness and breeze,34,,
Give me darkness  air  and water,35,,
Full brightness with full cooling,134,,
Bright room with active pump,125,,
,,,
,,,
Make the whole place active,135,,
Total shutdown,24,,
Just keep airflow and pump running,35,,
Keep only the lights on,100,,
Keep only the air running,30,,
Run only the water system,5,,
Start fan and pump only,35,,
Turn on light and pump only,125,,
Activate light and fan only,134,,
Fan on  pump on   lights off,35,,
Complete activation mode,135,,
Deactivation mode enabled,24,,
Prepare everything except water,134,,
Enable cooling and lighting,134,,
Enable pumping and lighting,125,,
Enable cooling and water,35,,
Night mode: Light off  fan on  pump off,34,,
Work mode: Light on fan on  pump off,134,,
Cleaning mode: Light on fan off pump on,125,,
Relax mode: Light off fan on pump on,35,,
Morning mode: Light on fan on pump on ,135,,
Shutdown mode: Light off fan off pump off,24,,
